variant;canonical;gender
jozo;Jozef;M
jozko;Jozef;M
jozino;Jozef;M
jozefko;Jozef;M
fero;František;M
ferko;František;M
ferino;František;M
ferdo;František;M
miso;Michal;M
misko;Michal;M
miki;Michal;M
mito;Michal;M
palo;Pavol;M
palino;Pavol;M
palko;Pavol;M
pali;Pavol;M
peto;Peter;M
petko;Peter;M
petulo;Peter;M
petoško;Peter;M
mato;Martin;M
matko;Martin;M
matulo;Martin;M
martinko;Martin;M
tomasko;Tomáš;
tomo;Tomáš;M
tomko;Tomáš;M
tomi;Tomáš;M
tomino;Tomáš;M
juro;Juraj;M
jurko;Juraj;M
jurino;Juraj;M
jurajko;Juraj;M
andy;Andrej;M
andro;Andrej;M
andrejko;Andrej;M
androš;Andrej;M
dano;Daniel;M
danko;Daniel;M
danielko;Daniel;M
dani;Daniel;M
samo;Samuel;M
samko;Samuel;M
samuelko;Samuel;M
samino;Samuel;M
marecko;Marek;M
marekko;Marek;M
marec;Marek;M
rado;Radovan;M
radko;Radovan;M
radovanek;Radovan;M
radino;Radovan;M
robo;Róbert;M
robko;Róbert;M
robertko;Róbert;M
robino;Róbert;M
kajo;Karol;M
kajko;Karol;M
karolko;Karol;M
karo;Karol;M
laco;Ladislav;M
lacko;Ladislav;M
ladko;Ladislav;M
lado;Ladislav;M
stano;Stanislav;M
stanko;Stanislav;M
stanino;Stanislav;M
stani;Stanislav;M
igi;Igor;M
igorino;Igor;M
igorik;Igor;M
igorco;Igor;M
milo;Milan;M
milko;Milan;M
milanko;Milan;M
milino;Milan;M
lubo;Ľubomír;M
lubko;Ľubomír;M
lubino;Ľubomír;M
lubor;Ľubomír;M
rasto;Rastislav;M
rasko;Rastislav;M
rastko;Rastislav;M
rastino;Rastislav;M
tibo;Tibor;M
tibko;Tibor;M
tiborino;Tibor;M
tibi;Tibor;M
duso;Dušan;M
dusko;Dušan;M
dusanek;Dušan;M
dusi;Dušan;M
stevo;Štefan;M
stevko;Štefan;M
stefanko;Štefan;M
stefi;Štefan;M
matusko;Matúš;M
matusino;Matúš;M
alex;Alexander;M
alexko;Alexander;M
saso;Alexander;M
sasko;Alexander;M
luky;Lukáš;M
luki;Lukáš;M
lukasko;Lukáš;M
lukino;Lukáš;M
adamko;Adam;M
ado;Adrian;M
adko;Adrian;M
adino;Adrian;M
kubko;Jakub;M
kubo;Jakub;M
kubino;Jakub;M
jakubko;Jakub;M
patko;Patrik;M
pato;Patrik;M
patrikko;Patrik;M
patino;Patrik;M
domko;Dominik;M
domino;Dominik;M
domi;Dominik;M
dominiko;Dominik;M
anka;Anna;F
anicka;Anna;F
ani;Anna;F
anula;Anna;F
majka;Mária;F
marika;Mária;F
maruska;Mária;F
mary;Mária;F
katka;Katarína;F
katica;Katarína;F
katy;Katarína;F
kati;Katarína;F
zuzka;Zuzana;F
zuzinka;Zuzana;F
zuzu;Zuzana;F
zuzana;Zuzana;F
martinka;Martina;F
marti;Marta;F
martuska;Marta;F
marta;Marta;F
petka;Petra;F
peta;Petra;F
peti;Petra;F
petulka;Petra;F
janka;Jana;F
janicka;Jana;F
jani;Jana;F
januska;Jana;F
lucka;Lucia;F
luci;Lucia;F
lucinka;Lucia;F
lucuska;Lucia;F
verca;Veronika;F
veri;Veronika;F
veronka;Veronika;F
veronika;Veronika;F
janko;Ján;M
majka;Mária;F
anicka;Anna;F
ani;Anna;F
anett;Aneta;F
oliverko ;Oliver;M
ondrejko;Ondrej;M
otko;Oto;M
emo;Emanuel;M
emko;Emanuel;M
eman;Emanuel;M
simonko;Šimon;M
simonka;Simona;F
simko;Šimon;M
ono;Ondrej;M
marina;Mária;F
marienka;Mária;F
lubka;Ľubica;F
leo;Leopold;M
pista;Štefan;M
bara;Barbara;F
erza;Alžbeta;F
kaja;Katarína;F
katuska;Katarína;F
ivko;Ivan;M
ivusko;Ivan;M
slavko;Slavomír;M
slavo;Slavomír;M
rastik;Rastislav;M
rudko;Rudolf;M
rudo;Rudolf;M
luda;Ľudmila;F
mata;Martina;F
vladko;Vladislav;M
kristinka;Kristína;F
kristianko;Kristián;M
ninka;Nina;F
nika;Nikola;F
ivka;Ivana;F
sonka;Soňa;F
terka;Terézia;F
terezka;Terézia;F
teruska;Terézia;F
milka;Emília;F
marko;Marek;M
jozka;Jozefína;F
marecek;Marek;M
klarka;Klára;F
tiborko;Tibor;M
naty;Natália;F
natálka;Natália;F
natka;Natália;F
ali;Alica;F
alicka;Alica;F
dávidko;Dávid;M
dado;Dávid;M
aga;Agáta;F
kiko;Kristián;M
agátka;Agáta;F
betka;Alžbeta;F
alžbetka;Alžbeta;F
beti;Alžbeta;F
beta;Alžbeta;F
paťa;Patrícia;F
paťka;Patrícia;F
didi;Diana;F
dianka;Diana;F
dia ;Diana;F
sonička;Soňa;F
barborka;Barbora;F
soni ;Soňa;F
kika;Kristína;F
paula;Paulína;F
paulínka;Paulína;F
miro;Miroslav;M
mirko;Miroslav;M
saša;Alexandra;F
saška;Alexandra;F
alexa;Alexandra;F
julo;Július;M
julko;Július;M
evička;Eva;F
evka;Eva;F
dorotka;Dorota;F
dorka;Dorota;F
dora;Dorota;F
julka;Júlia;F
jula;Júlia;F
julča ;Júlia;F
dana;Daniela;F
danka;Daniela;F
danielka;Daniela;F
viki;Viktória;F
viktorka;Viktória;F
braňo;Branislav;M
branko;Branislav;M
branči;Branislav;M
oliverko ;Oliver;M
oli ;Oliver;M
janči;Ján;M
janko;Ján;M
ľudo;Ľudovít;M
ľudko;Ľudovít;M
sofi;Sofia;F
sofinka;Sofia;F
zlatka;Zlatica;F
alenka;Alena;F
vladko;Vladimír;M
vlado;Vladimír;M
Eli;Eliška;F
